"Breed","temperament","avg_height(cm)","avg_weight(kg)","avg_lifespan(years)","group","grooming_frequency_value","grooming_frequency_category","shedding_value","shedding_category","energy_level_value","energy_level_category","trainability_value","trainability_category","demeanor_value","demeanor_category","Rank_2018","Rank_2019","Rank_2020","Rank_2021","Rank_2022","Size","score"
"Affenpinscher","Confident, Famously Funny, Fearless",26.035,3.855535145,13.5,"Toy Group",0.6,"2-3 Times a Week Brushing",0.6,"Seasonal",0.6,"0.6",0.8,"Easy Training",1,"Outgoing",148,152,163,159,148,"Small",11.96
"Afghan Hound","Dignified, Profoundly Loyal, Aristocratic",66.04,24.94758035,13.5,"Hound Group",0.8,"Daily Brushing",0.2,"Infrequent",0.8,"0.8",0.2,"May be Stubborn",0.2,"Aloof/Wary",113,113,122,114,117,"Medium",11.16
"Airedale Terrier","Friendly, Clever, Courageous",58.42,27.2155422,12.5,"Terrier Group",0.6,"2-3 Times a Week Brushing",0.4,"Occasional",0.6,"0.6",1,"Eager to Please",0.8,"Friendly",60,61,62,62,65,"Medium",11.2
"Akita","Courageous, Dignified, Profoundly Loyal",66.04,45.359237,11.5,"Working Group",0.8,"Daily Brushing",0.6,"Seasonal",0.8,"0.8",1,"Eager to Please",0.6,"Alert/Responsive",47,47,48,52,55,"Large",10.2
"Alaskan Malamute","Affectionate, Loyal, Playful",60.96,36.2873896,12,"Working Group",0.6,"2-3 Times a Week Brushing",0.6,"Seasonal",0.8,"0.8",0.4,"Independent",0.8,"Friendly",58,65,65,68,67,"Medium",10.48
"American English Coonhound","Sweet, Mellow, Sociable",62.23,24.94758035,11.5,"Hound Group",0.2,"Occasional Bath/Brush",0.4,"Occasional",0.8,"0.8",0.6,"Agreeable",0.6,"Alert/Responsive",175,177,185,184,182,"Medium",10.28
"American Eskimo Dog","Playful, Perky, Smart",35.56,9.298643585,14,"Non-Sporting Group",0.4,"Weekly Brushing",0.6,"Seasonal",0.8,"0.8",1,"Eager to Please",1,"Outgoing",122,122,119,122,123,"Medium",12.68
"American Foxhound","Independent, Easy-Going, Sweet-Tempered",58.42,29.48350405,12,"Hound Group",0.2,"Occasional Bath/Brush",0.6,"Seasonal",0.8,"0.8",0.4,"Independent",0.8,"Friendly",186,191,192,195,196,"Medium",10.64
"American Staffordshire Terrier","Confident, Smart, Good-Natured",45.72,24.94758035,14,"Terrier Group",0.2,"Occasional Bath/Brush",0.4,"Occasional",0.6,"0.6",0.6,"Agreeable",0.6,"Alert/Responsive",85,86,82,81,87,"Medium",12.16
"American Water Spaniel","Eager, Happy, Charming",41.91,15.87573295,12,"Sporting Group",0.6,"2-3 Times a Week Brushing",0.2,"Infrequent",0.6,"0.6",1,"Eager to Please",0.8,"Friendly",166,166,158,166,166,"Medium",10.88
"Anatolian Shepherd Dog","Loyal, Independent, Reserved",71.12,52.16312255,12,"Working Group",0.4,"Weekly Brushing",0.6,"Seasonal",0.6,"0.6",0.4,"Independent",0.4,"Reserved with Strangers",90,96,85,88,79,"Large",10.12
"Australian Cattle Dog","Alert, Curious, Pleasant",46.99,19.27767573,14,"Herding Group",0.2,"Occasional Bath/Brush",0.8,"Regularly",1,"1",0.2,"May be Stubborn",0.4,"Reserved with Strangers",55,55,54,51,48,"Medium",11.84
"Australian Shepherd","Smart, Work-Oriented, Exuberant",52.07,23.81359943,13.5,"Herding Group",0.4,"Weekly Brushing",0.6,"Seasonal",0.8,"0.8",1,"Eager to Please",0.6,"Alert/Responsive",15,13,12,12,12,"Medium",11.96
"Australian Terrier","Affectionate, Courageous, Spirited",26.67,7.937866475,13,"Terrier Group",0.4,"Weekly Brushing",0.2,"Infrequent",0.8,"0.8",0.6,"Agreeable",0.8,"Friendly",139,144,134,152,136,"Small",11.64
"Basenji","Independent, Smart, Poised",41.91,10.43262451,13.5,"Hound Group",0.2,"Occasional Bath/Brush",0.4,"Occasional",0.8,"0.8",0.4,"Independent",0.4,"Reserved with Strangers",87,88,86,87,91,"Medium",11.6
"Basset Hound","Charming, Patient, Low-Key",38.1,23.81359943,12.5,"Hound Group",0.6,"2-3 Times a Week Brushing",0.4,"Occasional",0.2,"0.2",0.4,"Independent",0.8,"Friendly",39,37,36,34,36,"Medium",10.6
"Beagle","Friendly, Curious, Merry",35.56,9.752235955,12.5,"Hound Group",0.6,"2-3 Times a Week Brushing",0.6,"Seasonal",0.8,"0.8",0.6,"Agreeable",0.8,"Friendly",6,7,7,7,8,"Medium",11
"Bearded Collie","Smart, Bouncy, Charismatic",53.34,22.6796185,13,"Herding Group",0.8,"Daily Brushing",0.6,"Seasonal",0.6,"0.6",0.4,"Independent",1,"Outgoing",127,138,125,143,124,"Medium",11.24
"Beauceron","Gentle, Faithful, Obedient",65.405,40.8233133,11,"Herding Group",0.6,"2-3 Times a Week Brushing",1,"Frequent",1,"1",0.8,"Easy Training",0.4,"Reserved with Strangers",124,123,121,121,111,"Large",9.56
"Belgian Sheepdog","Bright, Watchful, Serious-Minded",60.96,27.2155422,13,"Herding Group",0.6,"2-3 Times a Week Brushing",0.6,"Seasonal",0.8,"0.8",0.8,"Easy Training",0.4,"Reserved with Strangers",125,128,117,129,125,"Medium",11.2
"Belgian Tervuren","Courageous, Alert, Intelligent",60.96,27.2155422,13,"Herding Group",0.6,"2-3 Times a Week Brushing",0.6,"Seasonal",0.8,"0.8",0.8,"Easy Training",0.4,"Reserved with Strangers",106,105,106,103,104,"Medium",11.2
"Bergamasco Sheepdog","Independent, Sociable, Intelligent",57.785,31.97826209,14,"Herding Group",0.2,"Occasional Bath/Brush",0.2,"Infrequent",0.4,"0.4",0.6,"Agreeable",0.4,"Reserved with Strangers",187,182,173,179,179,"Medium",11.96
"Berger Picard","Loyal, Good-Natured, Observant",59.69,27.2155422,12.5,"Herding Group",0.2,"Occasional Bath/Brush",0.6,"Seasonal",1,"1",0.8,"Easy Training",0.6,"Alert/Responsive",144,148,151,163,153,"Medium",11.24
"Bernese Mountain Dog","Good-Natured, Calm, Strong",64.135,41.95729423,8.5,"Working Group",0.6,"2-3 Times a Week Brushing",1,"Frequent",0.8,"0.8",0.8,"Easy Training",0.4,"Reserved with Strangers",22,23,22,20,22,"Large",7.44
"Bichons Frise","Playful, Curious, Peppy",26.67,6.80388555,14.5,"Non-Sporting Group",1,"Specialty/Professional",0.2,"Infrequent",0.6,"0.6",0.6,"Agreeable",1,"Outgoing",46,43,45,47,47,"Small",12.64
"Black and Tan Coonhound","Easy-Going, Bright, Brave",63.5,39.68933238,11,"Hound Group",0.4,"Weekly Brushing",0.6,"Seasonal",0.6,"0.6",0.4,"Independent",0.8,"Friendly",138,143,127,141,149,"Large",9.64
"Black Russian Terrier","Intelligent, Calm, Powerful",71.12,47.62719885,11,"Working Group",0.8,"Daily Brushing",0.6,"Seasonal",0.8,"0.8",0.8,"Easy Training",0.4,"Reserved with Strangers",118,116,126,127,128,"Large",9.52
"Bloodhound","Friendly, Independent, Inquisitive",63.5,43.09127515,11,"Hound Group",0.4,"Weekly Brushing",0.6,"Seasonal",0.6,"0.6",0.4,"Independent",0.6,"Alert/Responsive",49,51,46,50,50,"Large",9.48
"Bluetick Coonhound","Smart, Devoted, Tenacious",60.96,28.34952313,11.5,"Hound Group",0.4,"Weekly Brushing",0.6,"Seasonal",0.8,"0.8",0.6,"Agreeable",0.8,"Friendly",130,140,137,140,133,"Medium",10.28
"Boerboel","Confident, Intelligent, Calm",62.23,79.37866475,10,"Working Group",0.2,"Occasional Bath/Brush",0.4,"Occasional",0.4,"0.4",0.6,"Agreeable",0.4,"Reserved with Strangers",121,129,123,118,118,"Large",8.68
"Border Collie","Affectionate, Smart, Energetic",50.8,19.27767573,13.5,"Herding Group",0.6,"2-3 Times a Week Brushing",0.6,"Seasonal",1,"1",1,"Eager to Please",0.4,"Reserved with Strangers",35,33,32,31,30,"Medium",11.84
"Border Terrier","Affectionate, Happy, Plucky",34.29,6.123496995,13.5,"Terrier Group",0.4,"Weekly Brushing",0.4,"Occasional",0.6,"0.6",0.8,"Easy Training",0.8,"Friendly",88,85,97,91,95,"Medium",11.96
"Borzoi","Affectionate, Loyal, Regally Dignified",68.58,37.42137053,11.5,"Hound Group",0.4,"Weekly Brushing",0.6,"Seasonal",0.8,"0.8",0.4,"Independent",0.6,"Alert/Responsive",103,107,103,104,101,"Large",10
"Boston Terrier","Friendly, Bright, Amusing",40.64,8.391458845,12,"Non-Sporting Group",0.4,"Weekly Brushing",0.2,"Infrequent",0.6,"0.6",1,"Eager to Please",1,"Outgoing",21,21,21,23,24,"Medium",11.12
"Bouvier des Flandres","Affectionate, Courageous, Strong-Willed",64.77,40.8233133,11,"Herding Group",0.8,"Daily Brushing",0.6,"Seasonal",0.8,"0.8",0.6,"Agreeable",0.6,"Alert/Responsive",84,93,94,101,98,"Large",9.56
"Boxer","Bright, Fun-Loving, Active",59.055,21.54563758,11,"Working Group",0.4,"Weekly Brushing",0.4,"Occasional",0.8,"0.8",0.8,"Easy Training",1,"Outgoing",11,14,14,14,16,"Medium",10.24
"Boykin Spaniel","Friendly, Eager, Lovable",40.64,14.74175203,12.5,"Sporting Group",0.6,"2-3 Times a Week Brushing",0.6,"Seasonal",0.6,"0.6",1,"Eager to Please",0.6,"Alert/Responsive",100,90,87,90,82,"Medium",10.96
"Briard","Confident, Smart, Faithful",62.23,35.15340868,12,"Herding Group",0.8,"Daily Brushing",0.2,"Infrequent",0.6,"0.6",0.4,"Independent",0.4,"Reserved with Strangers",132,137,150,150,151,"Large",10.12
"Brittany","Bright, Fun-Loving, Upbeat",48.26,15.87573295,13,"Sporting Group",0.6,"2-3 Times a Week Brushing",0.6,"Seasonal",1,"1",1,"Eager to Please",0.8,"Friendly",26,26,28,27,28,"Medium",11.76
"Brussels Griffon","Loyal, Alert, Curious",21.59,4.08233133,13.5,"Toy Group",0.6,"2-3 Times a Week Brushing",0.6,"Seasonal",0.6,"0.6",0.6,"Agreeable",0.8,"Friendly",98,98,89,97,97,"Small",11.68
"Bull Terrier","Playful, Charming, Mischievous",54.61,27.2155422,12.5,"Terrier Group",0.4,"Weekly Brushing",0.6,"Seasonal",0.8,"0.8",0.4,"Independent",0.8,"Friendly",62,62,64,61,64,"Medium",10.96
"Bulldog","Friendly, Courageous, Calm",36.83,20.41165665,9,"Non-Sporting Group",0.6,"2-3 Times a Week Brushing",0.8,"Regularly",0.6,"0.6",0.6,"Agreeable",0.8,"Friendly",5,5,5,6,6,"Medium",8
"Bullmastiff","Affectionate, Loyal, Brave",64.77,52.16312255,8,"Working Group",0.2,"Occasional Bath/Brush",0.6,"Seasonal",0.8,"0.8",0.6,"Agreeable",0.6,"Alert/Responsive",51,52,55,56,61,"Large",7.4
"Cairn Terrier","Alert, Cheerful, Busy",24.765,6.123496995,14,"Terrier Group",0.4,"Weekly Brushing",0.4,"Occasional",0.6,"0.6",0.6,"Agreeable",0.8,"Friendly",69,73,73,74,70,"Small",12.24
"Canaan Dog","Confident, Alert, Vigilant",54.61,20.41165665,13.5,"Herding Group",0.4,"Weekly Brushing",1,"Frequent",0.6,"0.6",0.4,"Independent",0.4,"Reserved with Strangers",179,181,184,187,187,"Medium",11.16
"Cane Corso","Affectionate, Intelligent, Majestic",64.77,0,10.5,"Working Group",0.2,"Occasional Bath/Brush",0.4,"Occasional",0.8,"0.8",0.6,"Agreeable",0.6,"Alert/Responsive",32,30,25,21,18,"Medium",9.48
"Cardigan Welsh Corgi","Affectionate, Loyal, Smart",29.21,14.28815966,13.5,"Herding Group",0.4,"Weekly Brushing",0.6,"Seasonal",0.8,"0.8",0.6,"Agreeable",0.6,"Alert/Responsive",68,67,66,67,62,"Medium",11.72
"Cavalier King Charles Spaniel","Affectionate, Gentle, Graceful",31.75,7.030681735,13.5,"Toy Group",0.4,"Weekly Brushing",0.4,"Occasional",0.4,"0.4",1,"Eager to Please",0.8,"Friendly",18,16,17,15,14,"Medium",11.96
"Cesky Terrier","Clever, Adventurous, Family-Oriented",29.21,8.61825503,13.5,"Terrier Group",0.4,"Weekly Brushing",0.4,"Occasional",0.6,"0.6",0.6,"Agreeable",0.4,"Reserved with Strangers",185,190,191,190,191,"Small",11.52
"Chesapeake Bay Retriever","Affectionate, Bright, Sensitive",59.69,30.61748498,11.5,"Sporting Group",0.6,"2-3 Times a Week Brushing",0.8,"Regularly",0.8,"0.8",0.6,"Agreeable",0.4,"Reserved with Strangers",45,46,50,48,52,"Medium",9.8
"Chihuahua","Charming, Graceful, Sassy",16.51,2.72155422,15,"Toy Group",0.2,"Occasional Bath/Brush",0.4,"Occasional",0.6,"0.6",0.4,"Independent",0.6,"Alert/Responsive",33,35,34,37,34,"Small",12.84
"Chinese Crested","Affectionate, Alert, Lively",30.48,4.5359237,15.5,"Toy Group",0.2,"Occasional Bath/Brush",0.2,"Infrequent",0.6,"0.6",0.6,"Agreeable",0.8,"Friendly",79,81,79,77,80,"Small",13.6
"Chinese Shar-Pei","Loyal, Independent, Calm",48.26,23.81359943,10,"Non-Sporting Group",0.2,"Occasional Bath/Brush",0.8,"Regularly",0.6,"0.6",0.2,"May be Stubborn",0.4,"Reserved with Strangers",64,66,61,64,68,"Medium",8.4
"Chinook","Smart, Patient, Devoted",60.96,31.7514659,13.5,"Working Group",0.4,"Weekly Brushing",0.6,"Seasonal",0.8,"0.8",1,"Eager to Please",0.8,"Friendly",190,186,186,172,180,"Medium",12.12
"Chow Chow","Dignified, Bright, Serious-Minded",46.99,26.08156128,10,"Non-Sporting Group",0.6,"2-3 Times a Week Brushing",0.6,"Seasonal",0.6,"0.6",0.2,"May be Stubborn",0.4,"Reserved with Strangers",75,78,84,80,92,"Medium",8.32
"Clumber Spaniel","Mellow, Amusing, Gentlemanly",46.99,31.7514659,11,"Sporting Group",0.4,"Weekly Brushing",0.8,"Regularly",0.6,"0.6",0.6,"Agreeable",0.4,"Reserved with Strangers",143,136,135,149,139,"Medium",9.36
"Cocker Spaniel","Gentle, Smart, Happy",36.83,11.33980925,12,"Sporting Group",0.8,"Daily Brushing",0.4,"Occasional",0.6,"0.6",1,"Eager to Please",1,"Outgoing",30,28,30,29,29,"Medium",10.88
"Collie","Devoted, Graceful, Proud",60.96,28.34952313,13,"Herding Group",0.6,"2-3 Times a Week Brushing",0.6,"Seasonal",0.6,"0.6",0.8,"Easy Training",0.8,"Friendly",38,38,40,38,39,"Medium",11.4
"Coton de Tulear","Charming, Bright, Happy-Go-Lucky",25.4,5.216312255,17,"Non-Sporting Group",0.8,"Daily Brushing",0.4,"Occasional",0.6,"0.6",0.8,"Easy Training",1,"Outgoing",81,82,80,83,84,"Small",14.76
"Curly-Coated Retriever","Confident, Proud, Wickedly Smart",63.5,35.15340868,11,"Sporting Group",0.2,"Occasional Bath/Brush",0.4,"Occasional",0.8,"0.8",0.4,"Independent",0.4,"Reserved with Strangers",162,165,159,167,156,"Large",9.6
"Dachshund","Friendly, Curious, Spunky",17.78,9.752235955,14,"Hound Group",0.4,"Weekly Brushing",0.4,"Occasional",0.6,"0.6",0.6,"Agreeable",0.6,"Alert/Responsive",12,11,10,10,9,"Small",12.08
"Dalmatian","Dignified, Smart, Outgoing",54.61,26.08156128,12,"Non-Sporting Group",0.4,"Weekly Brushing",1,"Frequent",0.8,"0.8",0.6,"Agreeable",0.6,"Alert/Responsive",56,60,51,49,49,"Medium",10.36
"Dandie Dinmont Terrier","Independent, Smart, Proud",24.13,9.52543977,13.5,"Terrier Group",0.8,"Daily Brushing",0.2,"Infrequent",0.6,"0.6",0.4,"Independent",0.4,"Reserved with Strangers",176,176,181,174,186,"Small",11.32
"Doberman Pinscher","Loyal, Fearless, Alert",66.04,36.2873896,11,"Working Group",0.2,"Occasional Bath/Brush",0.8,"Regularly",1,"1",1,"Eager to Please",0.6,"Alert/Responsive",17,19,18,16,15,"Large",10.08
"Dogue de Bordeaux","Affectionate, Loyal, Courageous",62.23,47.40040267,6.5,"Working Group",0.2,"Occasional Bath/Brush",0.8,"Regularly",0.6,"0.6",0.6,"Agreeable",0.6,"Alert/Responsive",67,69,71,70,78,"Large",6
"English Cocker Spaniel","Energetic, Merry, Responsive",40.64,13.6077711,13,"Sporting Group",0.6,"2-3 Times a Week Brushing",0.4,"Occasional",0.6,"0.6",1,"Eager to Please",0.8,"Friendly",52,50,47,43,40,"Medium",11.6
"English Foxhound","Affectionate, Gentle, Sociable",60.96,30.61748498,11.5,"Hound Group",0.2,"Occasional Bath/Brush",0.8,"Regularly",0.8,"0.8",0.6,"Agreeable",0.8,"Friendly",188,195,194,196,199,"Medium",10.28
"English Setter","Friendly, Mellow, Merry",63.5,28.34952313,12,"Sporting Group",0.6,"2-3 Times a Week Brushing",0.8,"Regularly",0.8,"0.8",0.8,"Easy Training",0.8,"Friendly",94,100,101,98,93,"Medium",10.64
"English Springer Spaniel","Friendly, Playful, Obedient",49.53,20.41165665,13,"Sporting Group",0.4,"Weekly Brushing",0.4,"Occasional",0.6,"0.6",1,"Eager to Please",0.8,"Friendly",27,27,26,26,26,"Medium",11.68
"English Toy Spaniel","Gentle, Playful, Intelligent",24.13,4.98951607,11,"Toy Group",0.6,"2-3 Times a Week Brushing",0.6,"Seasonal",0.6,"0.6",0.4,"Independent",0.6,"Alert/Responsive",135,141,138,137,134,"Small",9.4
"Entlebucher Mountain Dog","Loyal, Smart, Enthusiastic",46.99,23.81359943,12,"Herding Group",0.2,"Occasional Bath/Brush",0.2,"Infrequent",1,"1",0.4,"Independent",0.4,"Reserved with Strangers",157,169,152,173,162,"Medium",10.6
"Field Spaniel","Sweet, Fun-Loving, Sensitive",44.45,19.27767573,12.5,"Sporting Group",0.4,"Weekly Brushing",0.8,"Regularly",0.6,"0.6",0.6,"Agreeable",0.4,"Reserved with Strangers",149,155,160,136,157,"Medium",10.56
"Finnish Lapphund","Friendly, Alert, Agile",46.99,19.50447191,13.5,"Herding Group",0.4,"Weekly Brushing",0.6,"Seasonal",0.6,"0.6",1,"Eager to Please",0.4,"Reserved with Strangers",161,167,165,168,167,"Medium",11.68
"Finnish Spitz","Friendly, Good-Natured, Lively",45.085,12.02019781,14,"Non-Sporting Group",0.4,"Weekly Brushing",0.6,"Seasonal",1,"1",0.6,"Agreeable",0.8,"Friendly",184,185,187,191,188,"Medium",12.4
"Flat-Coated Retriever","Cheerful, Optimistic, Good-Humored",59.055,29.48350405,9,"Sporting Group",0.4,"Weekly Brushing",0.8,"Regularly",1,"1",1,"Eager to Please",0.8,"Friendly",91,106,102,93,103,"Medium",8.56
"French Bulldog","Adaptable, Playful, Smart",30.48,12.70058636,11,"Non-Sporting Group",0.2,"Occasional Bath/Brush",0.8,"Regularly",0.4,"0.4",0.6,"Agreeable",0.6,"Alert/Responsive",4,4,2,2,1,"Medium",9.48
"German Pinscher","Courageous, Intelligent, Vivacious",46.99,15.87573295,13,"Working Group",0.2,"Occasional Bath/Brush",0.4,"Occasional",1,"1",0.6,"Agreeable",0.6,"Alert/Responsive",134,125,139,146,145,"Medium",11.6
"German Shepherd Dog","Confident, Courageous, Smart",60.96,31.7514659,8.5,"Herding Group",0.4,"Weekly Brushing",0.8,"Regularly",0.6,"0.6",1,"Eager to Please",0.6,"Alert/Responsive",2,2,3,4,4,"Medium",7.76
"German Shorthaired Pointer","Friendly, Smart, Willing to Please",58.42,26.08156128,11,"Sporting Group",0.4,"Weekly Brushing",0.8,"Regularly",1,"1",1,"Eager to Please",0.8,"Friendly",9,9,9,9,10,"Medium",10.16
"German Wirehaired Pointer","Affectionate, Eager, Enthusiastic",60.96,27.2155422,15,"Sporting Group",0.4,"Weekly Brushing",0.8,"Regularly",1,"1",1,"Eager to Please",0.4,"Reserved with Strangers",63,64,60,59,59,"Medium",13.04
"Glen of Imaal Terrier","Gentle, Spirited, Bold",33.655,16.32932532,12.5,"Terrier Group",0.6,"2-3 Times a Week Brushing",0.4,"Occasional",0.6,"0.6",0.4,"Independent",0.6,"Alert/Responsive",174,170,169,175,169,"Medium",10.68
"Golden Retriever","Friendly, Intelligent, Devoted",57.785,29.48350405,11,"Sporting Group",0.4,"Weekly Brushing",0.6,"Seasonal",1,"1",1,"Eager to Please",0.8,"Friendly",3,3,4,3,3,"Medium",10.24
"Gordon Setter","Affectionate, Confident, Bold",63.5,28.34952313,12.5,"Sporting Group",0.4,"Weekly Brushing",0.6,"Seasonal",1,"1",0.4,"Independent",0.4,"Reserved with Strangers",115,115,107,113,99,"Medium",10.76
"Great Dane","Friendly, Patient, Dependable",76.2,64.63691273,8.5,"Working Group",0.2,"Occasional Bath/Brush",0.6,"Seasonal",0.8,"0.8",0.6,"Agreeable",0.6,"Alert/Responsive",16,17,15,17,19,"Large",7.8
"Great Pyrenee","Smart, Patient, Calm",72.39,41.95729423,11,"Working Group",0.4,"Weekly Brushing",0.6,"Seasonal",1,"1",0.4,"Independent",0.4,"Reserved with Strangers",66,70,70,63,69,"Large",9.56
"Greater Swiss Mountain Dog","Faithful, Family-Oriented, Dependable",66.04,51.02914163,9.5,"Working Group",0.4,"Weekly Brushing",0.6,"Seasonal",0.8,"0.8",0.6,"Agreeable",0.6,"Alert/Responsive",74,74,76,78,83,"Large",8.52
"Greyhound","Gentle, Independent, Noble",72.39,29.48350405,11.5,"Hound Group",0.2,"Occasional Bath/Brush",0.4,"Occasional",0.8,"0.8",0.4,"Independent",0.8,"Friendly",145,164,142,132,129,"Medium",10.32
"Harrier","Friendly, Outgoing, People-Oriented",50.8,23.81359943,13.5,"Hound Group",0.4,"Weekly Brushing",0.4,"Occasional",1,"1",0.8,"Easy Training",0.8,"Friendly",189,188,190,188,193,"Medium",12.2
"Havanese","Intelligent, Outgoing, Funny",25.4,4.5359237,15,"Toy Group",0.6,"2-3 Times a Week Brushing",0.4,"Occasional",0.6,"0.6",0.8,"Easy Training",1,"Outgoing",24,22,24,25,25,"Small",13.24
"Ibizan Hound","Family-Oriented, Even-Tempered, Polite",63.5,21.54563758,12.5,"Hound Group",0.2,"Occasional Bath/Brush",0.4,"Occasional",1,"1",0.4,"Independent",0.4,"Reserved with Strangers",152,173,171,182,172,"Medium",10.92
"Icelandic Sheepdog","Friendly, Playful, Inquisitive",43.815,12.47379018,13,"Herding Group",0.4,"Weekly Brushing",0.6,"Seasonal",0.8,"0.8",1,"Eager to Please",0.8,"Friendly",155,134,154,138,132,"Medium",11.72
"Irish Setter","Active, Outgoing, Sweet-Natured",66.04,29.48350405,13.5,"Sporting Group",0.6,"2-3 Times a Week Brushing",0.6,"Seasonal",1,"1",0.6,"Agreeable",1,"Outgoing",77,80,75,71,71,"Medium",12.08
"Irish Water Spaniel","Playful, Hardworking, Brave",57.15,25.62796891,12.5,"Sporting Group",0.4,"Weekly Brushing",0.6,"Seasonal",1,"1",0.8,"Easy Training",0.4,"Reserved with Strangers",159,172,174,165,183,"Medium",11
"Irish Wolfhound","Courageous, Dignified, Calm",78.74,51.02914163,7,"Hound Group",0.4,"Weekly Brushing",0.6,"Seasonal",0.6,"0.6",0.4,"Independent",0.6,"Alert/Responsive",76,77,74,85,89,"Large",6.28
"Italian Greyhound","Playful, Alert, Sensitive",35.56,4.762719885,14.5,"Toy Group",0.2,"Occasional Bath/Brush",0.6,"Seasonal",0.6,"0.6",0.4,"Independent",0.2,"Aloof/Wary",73,68,69,73,63,"Medium",12.04
"Japanese Chin","Charming, Noble, Loving",24.13,4.08233133,11,"Toy Group",0.4,"Weekly Brushing",0.6,"Seasonal",0.6,"0.6",0.4,"Independent",0.4,"Reserved with Strangers",104,110,111,105,105,"Small",9.32
"Keeshonden","Friendly, Lively, Outgoing",44.45,18.1436948,13.5,"Non-Sporting Group",0.6,"2-3 Times a Week Brushing",0.6,"Seasonal",0.6,"0.6",0.8,"Easy Training",0.8,"Friendly",95,89,96,95,90,"Medium",11.8
"Komondorok","Loyal, Dignified, Brave",67.31,40.8233133,11,"Working Group",1,"Specialty/Professional",0.6,"Seasonal",0.6,"0.6",0.4,"Independent",0.4,"Reserved with Strangers",173,183,178,186,175,"Large",9.08
"Kuvaszok","Loyal, Fearless, Sweet",71.12,41.95729423,11,"Working Group",0.4,"Weekly Brushing",0.8,"Regularly",0.6,"0.6",0.4,"Independent",0.4,"Reserved with Strangers",163,168,177,169,177,"Large",9.24
"Labrador Retriever","Friendly, Active, Outgoing",58.42,30.61748498,11,"Sporting Group",0.4,"Weekly Brushing",0.8,"Regularly",1,"1",1,"Eager to Please",1,"Outgoing",1,1,1,1,2,"Medium",10.32
"Lagotto Romagnolo","Affectionate, Keen, Undemanding",44.45,13.38097492,16,"Sporting Group",0.2,"Occasional Bath/Brush",0.2,"Infrequent",0.6,"0.6",1,"Eager to Please",0.6,"Alert/Responsive",99,91,88,79,76,"Medium",14.08
"Lakeland Terrier","Friendly, Confident, Bold",36.83,7.71107029,13.5,"Terrier Group",0.4,"Weekly Brushing",0.2,"Infrequent",0.6,"0.6",0.6,"Agreeable",0.6,"Alert/Responsive",147,150,136,142,143,"Medium",11.76
"Leonberger","Friendly, Gentle, Playful",72.39,58.9670081,9,"Working Group",0.8,"Daily Brushing",0.8,"Regularly",0.6,"0.6",1,"Eager to Please",0.8,"Friendly",93,97,98,102,114,"Large",8.16
"Lhasa Apso","Confident, Smart, Comical",26.67,6.80388555,13.5,"Non-Sporting Group",0.6,"2-3 Times a Week Brushing",0.2,"Infrequent",0.6,"0.6",0.4,"Independent",0.4,"Reserved with Strangers",71,79,78,84,86,"Small",11.4
"Lowchen","Affectionate, Outgoing, Positive",30.48,5.669904625,15,"Non-Sporting Group",0.2,"Occasional Bath/Brush",0.2,"Infrequent",0.6,"0.6",0.6,"Agreeable",1,"Outgoing",168,160,161,157,165,"Small",13.36
"Maltese","Gentle, Playful, Charming",20.32,3.17514659,13.5,"Toy Group",0.8,"Daily Brushing",0.2,"Infrequent",0.6,"0.6",0.6,"Agreeable",1,"Outgoing",37,36,38,39,38,"Small",11.92
"Mastiff","Courageous, Dignified, Good-Natured",73.025,79.37866475,8,"Working Group",0.2,"Occasional Bath/Brush",0.4,"Occasional",0.6,"0.6",0.6,"Agreeable",0.6,"Alert/Responsive",29,32,33,35,37,"Large",7.36
"Miniature American Shepherd","Good-Natured, Intelligent, Devoted",39.37,13.6077711,12.5,"Herding Group",0.8,"Daily Brushing",1,"Frequent",0.8,"0.8",1,"Eager to Please",0.8,"Friendly",34,29,31,30,31,"Medium",11
"Miniature Bull Terrier","Upbeat, Mischievous, Comical",30.48,10.43262451,12,"Terrier Group",0.2,"Occasional Bath/Brush",0.4,"Occasional",0.8,"0.8",0.4,"Independent",0.6,"Alert/Responsive",110,114,105,107,110,"Medium",10.56
"Miniature Pinscher","Fearless, Fun-Loving, Proud",28.575,4.08233133,14,"Toy Group",0.2,"Occasional Bath/Brush",0.2,"Infrequent",0.6,"0.6",0.4,"Independent",0.6,"Alert/Responsive",70,75,77,76,72,"Small",12.12
"Miniature Schnauzer","Friendly, Smart, Obedient",33.02,7.030681735,13.5,"Terrier Group",1,"Specialty/Professional",0.2,"Infrequent",0.6,"0.6",1,"Eager to Please",0.6,"Alert/Responsive",19,18,19,18,17,"Medium",11.76
"Neapolitan Mastiff","Loyal, Dignified, Watchful",69.85,58.9670081,8,"Working Group",0.4,"Weekly Brushing",0.6,"Seasonal",0.6,"0.6",0.2,"May be Stubborn",0.2,"Aloof/Wary",102,102,100,106,119,"Large",6.64
"Newfoundland","Sweet, Patient, Devoted",68.58,56.69904625,9.5,"Working Group",0.4,"Weekly Brushing",0.6,"Seasonal",0.6,"0.6",0.8,"Easy Training",0.8,"Friendly",40,40,41,45,42,"Large",8.68
"Norfolk Terrier","Fearless, Alert, Fun-Loving",24.13,5.216312255,14,"Terrier Group",0.4,"Weekly Brushing",0.6,"Seasonal",0.6,"0.6",0.6,"Agreeable",0.8,"Friendly",126,133,130,130,138,"Small",12.16
"Norwegian Buhund","Confident, Smart, Perceptive",43.815,14.96854821,13.5,"Herding Group",0.4,"Weekly Brushing",0.6,"Seasonal",0.8,"0.8",0.8,"Easy Training",0.8,"Friendly",165,171,168,170,178,"Medium",12
"Norwegian Elkhound","Friendly, Confident, Dependable",50.8,23.36000706,13.5,"Hound Group",0.4,"Weekly Brushing",0.6,"Seasonal",0.6,"0.6",0.6,"Agreeable",0.8,"Friendly",97,94,91,100,100,"Medium",11.76
"Norwegian Lundehund","Loyal, Energetic, Alert",34.29,11.33980925,13.5,"Non-Sporting Group",0.4,"Weekly Brushing",0.6,"Seasonal",0.8,"0.8",0.6,"Agreeable",0.4,"Reserved with Strangers",191,194,195,197,198,"Medium",11.56
"Norwich Terrier","Affectionate, Alert, Curious",25.4,5.44310844,13.5,"Terrier Group",0.4,"Weekly Brushing",0.6,"Seasonal",0.8,"0.8",0.6,"Agreeable",0.8,"Friendly",108,104,109,111,109,"Small",11.88
"Nova Scotia Duck Tolling Retriever","Affectionate, Intelligent, Outgoing",48.26,19.27767573,13,"Sporting Group",0.4,"Weekly Brushing",0.6,"Seasonal",1,"1",0.8,"Easy Training",0.8,"Friendly",83,87,90,92,81,"Medium",11.72
"Old English Sheepdog","Adaptable, Gentle, Smart",54.61,36.2873896,11,"Herding Group",0.6,"2-3 Times a Week Brushing",0.6,"Seasonal",0.6,"0.6",0.4,"Independent",0.6,"Alert/Responsive",72,71,68,69,74,"Medium",9.4
"Otterhound","Even-Tempered, Amiable, Boisterous",64.77,44.22525608,11.5,"Hound Group",0.4,"Weekly Brushing",0.6,"Seasonal",0.6,"0.6",0.2,"May be Stubborn",0.6,"Alert/Responsive",182,174,176,178,176,"Large",9.76
"Papillon","Friendly, Alert, Happy",24.13,3.401942775,15,"Toy Group",0.4,"Weekly Brushing",0.6,"Seasonal",0.6,"0.6",1,"Eager to Please",1,"Outgoing",54,53,53,54,51,"Small",13.36
"Parson Russell Terrier","Friendly, Clever, Athletic",34.29,6.80388555,14,"Terrier Group",0.4,"Weekly Brushing",0.4,"Occasional",1,"1",0.6,"Agreeable",0.8,"Friendly",117,120,115,117,121,"Medium",12.48
"Pekingese","Affectionate, Loyal, Regal in Manner",19.05,6.35029318,13,"Toy Group",0.6,"2-3 Times a Week Brushing",0.6,"Seasonal",0.4,"0.4",0.2,"May be Stubborn",0.4,"Reserved with Strangers",92,84,95,94,96,"Small",10.6
"Pembroke Welsh Corgi","Affectionate, Smart, Alert",27.94,13.15417873,12.5,"Herding Group",0.4,"Weekly Brushing",0.8,"Regularly",0.8,"0.8",0.6,"Agreeable",1,"Outgoing",13,10,11,11,11,"Medium",11.16
"Petit Basset Griffon Vendeen","Alert, Happy, Vivacious",35.56,14.74175203,13,"Hound Group",0.4,"Weekly Brushing",0.4,"Occasional",0.8,"0.8",0.4,"Independent",0.8,"Friendly",156,154,164,161,154,"Medium",11.44
"Pharaoh Hound","Friendly, Smart, Noble",58.42,22.6796185,13,"Hound Group",0.4,"Weekly Brushing",0.6,"Seasonal",0.8,"0.8",0.4,"Independent",0.4,"Reserved with Strangers",172,163,180,176,174,"Medium",11.04
"Plott Hound","Loyal, Alert, Intelligent",57.15,22.6796185,13,"Hound Group",0.2,"Occasional Bath/Brush",0.4,"Occasional",0.8,"0.8",0.4,"Independent",0.6,"Alert/Responsive",171,179,167,171,173,"Medium",11.36
"Pointer","Loyal, Hardworking, Even-Tempered",64.77,27.2155422,14.5,"Sporting Group",0.4,"Weekly Brushing",0.4,"Occasional",0.8,"0.8",0.6,"Agreeable",0.6,"Alert/Responsive",114,117,116,120,107,"Medium",12.6
"Polish Lowland Sheepdog","Confident, Clever, Lively",46.99,18.1436948,13,"Herding Group",0.8,"Daily Brushing",0.6,"Seasonal",0.8,"0.8",0.2,"May be Stubborn",0.2,"Aloof/Wary",170,175,175,180,181,"Medium",10.6
"Pomeranian","Inquisitive, Bold, Lively",16.51,2.26796185,14,"Toy Group",0.6,"2-3 Times a Week Brushing",0.6,"Seasonal",0.6,"0.6",0.6,"Agreeable",0.6,"Alert/Responsive",23,24,23,24,23,"Small",11.92
"Portuguese Podengo Pequeno","Playful, Charming, Lively",25.4,4.98951607,13.5,"Hound Group",0.4,"Weekly Brushing",0.6,"Seasonal",0.8,"0.8",0.6,"Agreeable",0.8,"Friendly",154,149,157,162,171,"Small",11.88
"Portuguese Water Dog","Affectionate, Adventurous, Athletic",50.8,21.54563758,12,"Working Group",0.8,"Daily Brushing",0.6,"Seasonal",0.8,"0.8",0.8,"Easy Training",0.6,"Alert/Responsive",50,49,49,44,46,"Medium",10.48
"Pug","Charming, Mischievous, Loving",29.21,7.25747792,14,"Toy Group",0.4,"Weekly Brushing",0.8,"Regularly",0.6,"0.6",0.6,"Agreeable",0.8,"Friendly",28,31,29,33,35,"Small",12.08
"Puli","Loyal, Smart, Home-Loving",41.91,13.6077711,12.5,"Herding Group",1,"Specialty/Professional",0.2,"Infrequent",0.6,"0.6",0.4,"Independent",0.4,"Reserved with Strangers",160,162,143,164,161,"Medium",10.44
"Pumi","Energetic, Lively, Ready to Work",42.545,11.56660544,12.5,"Herding Group",0.2,"Occasional Bath/Brush",0.2,"Infrequent",0.8,"0.8",0.8,"Easy Training",0.6,"Alert/Responsive",151,158,156,153,140,"Medium",11.28
"Pyrenean Shepherd","Affectionate, Active, Enthusiastic",45.72,10.20582833,0,"Herding Group",0.4,"Weekly Brushing",0.6,"Seasonal",0.8,"0.8",0.6,"Agreeable",0.4,"Reserved with Strangers",181,184,182,192,190,"Medium",0.76
"Rat Terrier","Friendly, Inquisitive, Lovable",35.56,7.937866475,15,"Terrier Group",0.4,"Weekly Brushing",0.6,"Seasonal",0.6,"0.6",0.8,"Easy Training",0.8,"Friendly",86,92,83,86,85,"Medium",13.08
"Redbone Coonhound","Even-Tempered, Amiable, Eager to Please",60.96,26.08156128,13.5,"Hound Group",0.4,"Weekly Brushing",0.6,"Seasonal",0.6,"0.6",0.8,"Easy Training",0.8,"Friendly",142,145,146,155,158,"Medium",11.88
"Rhodesian Ridgeback","Affectionate, Dignified, Even-Tempered",64.77,35.15340868,10,"Hound Group",0.4,"Weekly Brushing",0.6,"Seasonal",0.6,"0.6",0.4,"Independent",0.6,"Alert/Responsive",41,42,42,41,41,"Large",8.68
"Rottweiler","Loyal, Loving, Confident Guardian",62.23,48.76117978,9.5,"Working Group",0.4,"Weekly Brushing",0.6,"Seasonal",0.6,"0.6",0.6,"Agreeable",0.4,"Reserved with Strangers",8,8,8,8,7,"Large",8.24
"Russell Terrier","Alert, Inquisitive, Lively",27.94,5.44310844,13,"Terrier Group",0.4,"Weekly Brushing",0.4,"Occasional",1,"1",0.6,"Agreeable",0.8,"Friendly",82,76,72,72,73,"Small",11.68
"Saluki","Gentle, Dignified, Independent-Minded",64.77,23.81359943,13.5,"Hound Group",0.2,"Occasional Bath/Brush",0.4,"Occasional",0.8,"0.8",0.4,"Independent",0.4,"Reserved with Strangers",120,127,144,128,135,"Medium",11.6
"Samoyed","Adaptable, Friendly, Gentle",53.975,22.6796185,13,"Working Group",0.6,"2-3 Times a Week Brushing",0.6,"Seasonal",0.8,"0.8",0.4,"Independent",0.8,"Friendly",59,59,56,55,53,"Medium",11.28
"Schipperke","Confident, Alert, Curious",29.21,5.89670081,13,"Non-Sporting Group",0.4,"Weekly Brushing",0.6,"Seasonal",0.8,"0.8",0.4,"Independent",0.6,"Alert/Responsive",105,108,114,115,115,"Small",11.2
"Scottish Deerhound","Gentle, Dignified, Polite",76.2,41.95729423,9.5,"Hound Group",0.2,"Occasional Bath/Brush",0.6,"Seasonal",0.6,"0.6",0.4,"Independent",0.6,"Alert/Responsive",158,151,166,158,155,"Large",8.36
"Scottish Terrier","Confident, Independent, Spirited",25.4,9.0718474,12,"Terrier Group",0.6,"2-3 Times a Week Brushing",0.4,"Occasional",0.6,"0.6",0.4,"Independent",0.6,"Alert/Responsive",57,57,57,58,60,"Small",10.28
"Sealyham Terrier","Alert, Outgoing, Sense Of Humor",26.67,10.6594207,13,"Terrier Group",0.6,"2-3 Times a Week Brushing",0.6,"Seasonal",0.6,"0.6",0.4,"Independent",0.6,"Alert/Responsive",164,156,148,139,164,"Medium",11
"Shetland Sheepdog","Playful, Energetic, Bright",36.83,9.0718474,13,"Herding Group",0.6,"2-3 Times a Week Brushing",0.6,"Seasonal",0.6,"0.6",1,"Eager to Please",0.4,"Reserved with Strangers",25,25,27,28,27,"Medium",11.2
"Shiba Inu","Alert, Active, Attentive",38.1,9.0718474,14.5,"Non-Sporting Group",0.4,"Weekly Brushing",0.6,"Seasonal",0.6,"0.6",0.4,"Independent",0.4,"Reserved with Strangers",44,45,43,42,43,"Medium",12.12
"Shih Tzu","Affectionate, Playful, Outgoing",24.765,5.669904625,14,"Toy Group",0.8,"Daily Brushing",0.2,"Infrequent",0.6,"0.6",0.6,"Agreeable",0.8,"Friendly",20,20,20,22,20,"Small",12.16
"Siberian Husky","Loyal, Mischievous, Outgoing",55.245,21.54563758,13,"Working Group",0.4,"Weekly Brushing",0.6,"Seasonal",0.8,"0.8",0.4,"Independent",0.8,"Friendly",14,15,16,19,21,"Medium",11.36
"Silky Terrier","Friendly, Quick, Keenly Alert",24.13,4.5359237,14,"Toy Group",0.6,"2-3 Times a Week Brushing",0.4,"Occasional",0.6,"0.6",0.6,"Agreeable",0.6,"Alert/Responsive",112,111,108,116,122,"Small",12
"Skye Terrier","Courageous, Good-Tempered, Canny",24.765,18.1436948,13,"Terrier Group",0.8,"Daily Brushing",0.6,"Seasonal",0.6,"0.6",0.4,"Independent",0.4,"Reserved with Strangers",178,189,183,181,189,"Medium",10.76
"Sloughi","Reserved, Graceful, Noble",67.31,19.27767573,12.5,"Hound Group",0.4,"Weekly Brushing",0.2,"Infrequent",0.6,"0.6",0.4,"Independent",0.4,"Reserved with Strangers",192,193,189,193,197,"Medium",10.68
"Smooth Fox Terrier","Friendly, Independent, Amusing",38.1,7.484274105,13.5,"Terrier Group",0.4,"Weekly Brushing",0.4,"Occasional",0.8,"0.8",0.6,"Agreeable",0.8,"Friendly",123,124,124,131,141,"Medium",11.96
"Soft Coated Wheaten Terrier","Friendly, Happy, Deeply Devoted",45.72,15.87573295,13,"Terrier Group",0.6,"2-3 Times a Week Brushing",0.2,"Infrequent",0.8,"0.8",0.4,"Independent",0.6,"Alert/Responsive",53,54,58,66,66,"Medium",11.28
"Spanish Water Dog","Playful but also Work-Oriented. Very Active and Upbeat.",45.085,18.1436948,13,"Herding Group",1,"Specialty/Professional",0.2,"Infrequent",0.8,"0.8",1,"Eager to Please",0.4,"Reserved with Strangers",153,146,149,145,163,"Medium",11.32
"St. Bernard","Playful, Charming, Inquisitive",71.12,68.0388555,9,"Working Group",0.4,"Weekly Brushing",0.6,"Seasonal",0.6,"0.6",0.6,"Agreeable",0.8,"Friendly",48,48,52,53,56,"Large",8.16
"Staffordshire Bull Terrier","Clever, Brave, Tenacious",38.1,14.06136347,13,"Terrier Group",0.4,"Weekly Brushing",0.4,"Occasional",0.8,"0.8",0.2,"May be Stubborn",0.8,"Friendly",80,83,81,75,75,"Medium",11.32
"Standard Schnauzer","Fearless, Smart, Spirited",46.99,18.1436948,14.5,"Working Group",0.6,"2-3 Times a Week Brushing",0.2,"Infrequent",0.6,"0.6",0.4,"Independent",0.8,"Friendly",89,99,92,96,94,"Medium",12.52
"Sussex Spaniel","Friendly, Merry, Even-Tempered",35.56,18.1436948,14,"Sporting Group",0.6,"2-3 Times a Week Brushing",0.6,"Seasonal",0.6,"0.6",0.4,"Independent",0.4,"Reserved with Strangers",180,178,172,177,192,"Medium",11.64
"Swedish Vallhund","Friendly, Energetic, Watchful",32.0675,12.47379018,13.5,"Herding Group",0.2,"Occasional Bath/Brush",0.6,"Seasonal",1,"1",1,"Eager to Please",0.8,"Friendly",169,161,147,160,160,"Medium",12.32
"Tibetan Mastiff","Independent, Reserved, Intelligent",63.5,49.8951607,11,"Working Group",0.6,"2-3 Times a Week Brushing",0.6,"Seasonal",0.6,"0.6",0.4,"Independent",0.6,"Alert/Responsive",131,130,140,147,137,"Large",9.4
"Tibetan Spaniel","Playful, Bright, Self-Confident",25.4,5.44310844,13.5,"Non-Sporting Group",0.4,"Weekly Brushing",0.6,"Seasonal",0.4,"0.4",0.6,"Agreeable",0.6,"Alert/Responsive",119,119,118,125,127,"Small",11.48
"Tibetan Terrier","Affectionate, Loyal, Sensitive",39.37,10.88621688,15.5,"Non-Sporting Group",0.6,"2-3 Times a Week Brushing",0.6,"Seasonal",0.8,"0.8",0.4,"Independent",0.4,"Reserved with Strangers",96,103,99,112,106,"Medium",12.96
"Toy Fox Terrier","Friendly, Alert, Intelligent",25.4,2.381359943,14,"Toy Group",0.4,"Weekly Brushing",0.4,"Occasional",0.8,"0.8",1,"Eager to Please",0.8,"Friendly",111,109,113,110,108,"Small",12.6
"Treeing Walker Coonhound","Smart, Brave, Courteous",59.69,27.2155422,12.5,"Hound Group",0.2,"Occasional Bath/Brush",0.6,"Seasonal",0.6,"0.6",0.4,"Independent",0.8,"Friendly",137,131,153,151,159,"Medium",10.92
"Vizsla","Affectionate, Gentle, Energetic",57.15,23.58680324,13,"Sporting Group",0.4,"Weekly Brushing",0.6,"Seasonal",0.8,"0.8",1,"Eager to Please",0.8,"Friendly",31,34,35,32,33,"Medium",11.72
"Weimaraner","Friendly, Fearless, Obedient",63.5,32.88544683,11.5,"Sporting Group",0.4,"Weekly Brushing",0.6,"Seasonal",1,"1",1,"Eager to Please",0.8,"Friendly",36,39,39,40,44,"Medium",10.64
"Welsh Terrier","Friendly, Spirited, Intelligent",38.1,9.0718474,13.5,"Terrier Group",0.6,"2-3 Times a Week Brushing",0.4,"Occasional",0.8,"0.8",0.6,"Agreeable",1,"Outgoing",107,112,112,109,113,"Medium",12.04
"West Highland White Terrier","Loyal, Happy, Entertaining",26.67,7.937866475,14,"Terrier Group",0.8,"Daily Brushing",0.6,"Seasonal",0.6,"0.6",0.6,"Agreeable",0.8,"Friendly",42,44,44,46,45,"Small",12
"Whippet","Affectionate, Playful, Calm",50.8,14.74175203,13.5,"Hound Group",0.2,"Occasional Bath/Brush",0.4,"Occasional",0.6,"0.6",0.4,"Independent",0.4,"Reserved with Strangers",61,58,59,57,54,"Medium",11.48
"Wire Fox Terrier","Confident, Alert, Gregarious",38.1,7.484274105,13.5,"Terrier Group",0.4,"Weekly Brushing",0.2,"Infrequent",0.6,"0.6",0.6,"Agreeable",0.6,"Alert/Responsive",101,101,104,99,102,"Medium",11.76
"Wirehaired Pointing Griffon","Friendly, Devoted, Trainable",55.88,23.81359943,13.5,"Sporting Group",0.4,"Weekly Brushing",0.6,"Seasonal",1,"1",0.6,"Agreeable",0.6,"Alert/Responsive",65,63,63,60,57,"Medium",11.84
"Wirehaired Vizsla","Gentle, Loyal, Trainable",59.055,24.94758035,13,"Sporting Group",0.2,"Occasional Bath/Brush",0.6,"Seasonal",0.8,"0.8",0.6,"Agreeable",0.6,"Alert/Responsive",167,147,155,144,142,"Medium",11.4
"Xoloitzcuintli","Loyal, Alert, Calm",41.91,14.74175203,15.5,"Non-Sporting Group",0.2,"Occasional Bath/Brush",0.2,"Infrequent",0.8,"0.8",0.6,"Agreeable",0.6,"Alert/Responsive",140,139,131,119,116,"Medium",13.56
"Yorkshire Terrier","Affectionate, Sprightly, Tomboyish",19.05,3.17514659,13,"Toy Group",1,"Specialty/Professional",0.2,"Infrequent",0.6,"0.6",0.2,"May be Stubborn",0.8,"Friendly",10,12,13,13,13,"Small",11.04
